{
  "timestamp": "2026-04-15 14:24:37",
  "platform": "Raspberry Pi 5",
  "temp": 38.6,
  "load": 0.8,
  "principle": 6,
  "name": "AI Stabilised Gates",
  "data": {
    "opt_params": [
      3.066677145741607,
      -0.034755696057054766,
      1.040751655644107,
      1.8163332809416703,
      2.5050531074061717,
      0.1542506114338289,
      -0.10991731204634138,
      -0.16444694288135644,
      1.0151495515172941
    ],
    "evals": 80,
    "prob": 0.986328125
  }
}