{
  "timestamp": "2026-04-15 12:50:49",
  "platform": "Raspberry Pi 5",
  "temp": 43.0,
  "load": 1.83,
  "principle": 6,
  "name": "AI Stabilised Gates",
  "data": {
    "opt_params": [
      3.0149743040774104,
      2.013013441988934,
      2.671715685625438,
      0.5519715273448758,
      0.7548245440303434,
      0.610896303225936,
      1.6887913610779088,
      1.9624355585699236,
      1.3096486790785464
    ],
    "evals": 28,
    "prob": 0.0
  }
}