{
  "timestamp": "2026-04-16 06:15:33",
  "platform": "Raspberry Pi 5",
  "temp": 51.25,
  "load": 2.47,
  "principle": 6,
  "name": "AI Stabilised Gates",
  "data": {
    "opt_params": [
      3.33567051450678,
      3.705283069927815,
      2.2553230809049816,
      1.4813956218512885,
      -0.18304963417508868,
      0.029494835551865092,
      -0.07579354103714755,
      3.6687260685097267,
      1.3299427520803226
    ],
    "evals": 85,
    "final_prob": 0.990234375,
    "time_s": 7.75
  }
}